polymer_1,polymer_p2,ratio_1_2,filler_1,wt_l1,filler_2,wt_l2,foaming,conductivity,owner
HDPEtreated,,,MWCNT,19.217718048629603,,,0,156.29694318261136,data set 2
HDPEtreated,,,MWCNT,16.541417175822048,,,0,133.90695561703458,data set 2
HDPEtreated,,,MWCNT,8.19398696136405,,,0,30.228164817624574,data set 2
HDPEtreated,,,MWCNT,13.9003266444983,,,0,79.5868439880621,data set 2
HDPEtreated,,,MWCNT,20.762995058311514,,,0,219.1009892409166,data set 2
HDPEtreated,,,MWCNT,0.9831399815004969,,,0,0.225175777446693,data set 2
HDPEtreated,,,MWCNT,13.183752058372574,,,0,89.56724842466775,data set 2
HDPEtreated,,,MWCNT,21.647137014055698,,,0,213.41673803659052,data set 2
HDPEtreated,,,MWCNT,9.746582138964921,,,0,40.754282729824794,data set 2
HDPEtreated,,,MWCNT,24.11938335697967,,,0,322.33968196013683,data set 2
HDPEtreated,,,MWCNT,0.5628924922581822,,,0,0.035601946563511046,data set 2
HDPEtreated,,,MWCNT,14.046314529583684,,,0,84.74923552341876,data set 2
HDPEtreated,,,MWCNT,4.225428349398109,,,0,6.187890674662166,data set 2
HDPEtreated,,,MWCNT,14.720438993431818,,,0,87.33129900834518,data set 2
HDPEtreated,,,MWCNT,20.884688044553698,,,0,216.25391672002561,data set 2
HDPEtreated,,,MWCNT,3.5633849118276064,,,0,5.570636556213308,data set 2
HDPEtreated,,,MWCNT,5.348790440284378,,,0,13.355219925477469,data set 2
HDPEtreated,,,MWCNT,9.045776577354054,,,0,38.50562074932589,data set 2
HDPEtreated,,,MWCNT,19.86280175873883,,,0,184.98660228700874,data set 2
HDPEtreated,,,MWCNT,7.1774289791485915,,,0,26.66373357479532,data set 2
HDPEtreated,,,MWCNT,2.046460612479188,,,0,1.4756156678735988,data set 2
HDPEtreated,,,MWCNT,5.419777798000357,,,0,13.996298543790024,data set 2
HDPEtreated,,,MWCNT,23.80990440028004,,,0,324.63970626630277,data set 2
HDPEtreated,,,MWCNT,8.151167978220062,,,0,31.932212657682804,data set 2
HDPEtreated,,,MWCNT,12.156118871858315,,,0,74.73830597410499,data set 2
HDPEtreated,,,MWCNT,20.060395046568413,,,0,166.5892529064953,data set 2
HDPEtreated,,,MWCNT,1.4899926192999924,,,0,0.5906295311830528,data set 2
HDPEtreated,,,MWCNT,18.146307113038166,,,0,136.90925943558636,data set 2
HDPEtreated,,,MWCNT,18.428815778418254,,,0,160.2561063446881,data set 2
HDPEtreated,,,MWCNT,23.91486490709493,,,0,324.68123983745136,data set 2
HDPEtreated,,,MWCNT,20.844964974337426,,,0,176.10882836857422,data set 2
HDPEtreated,,,MWCNT,23.088690634420015,,,0,306.384005114472,data set 2
HDPEtreated,,,MWCNT,5.213781266238186,,,0,12.440346915928792,data set 2
HDPEtreated,,,MWCNT,11.684188021405904,,,0,66.38645723582658,data set 2
HDPEtreated,,,MWCNT,12.003992477946008,,,0,59.91985477246032,data set 2
HDPEtreated,,,MWCNT,4.451082274089411,,,0,9.788933347275279,data set 2
HDPEtreated,,,MWCNT,24.679042937527228,,,0,327.8780480071166,data set 2
HDPEtreated,,,MWCNT,4.913011661539064,,,0,12.509303052324059,data set 2
HDPEtreated,,,MWCNT,17.842079739532384,,,0,138.39843012115463,data set 2
HDPEtreated,,,MWCNT,1.777916623395756,,,0,1.1996212670411392,data set 2
HDPEtreated,,,MWCNT,12.22982253767175,,,0,75.17649718959446,data set 2
HDPEtreated,,,MWCNT,16.42260082342071,,,0,106.36718273211972,data set 2
HDPEtreated,,,MWCNT,8.953798806233614,,,0,38.77865117951159,data set 2
HDPEtreated,,,MWCNT,12.13274754831231,,,0,58.70330815827752,data set 2
HDPEtreated,,,MWCNT,4.3997036541892465,,,0,7.567155966351206,data set 2
HDPEtreated,,,MWCNT,19.702986243878403,,,0,212.18144455013774,data set 2
HDPEtreated,,,MWCNT,6.183872809108927,,,0,20.075919333840606,data set 2
HDPEtreated,,,MWCNT,18.176453527411866,,,0,131.92798059776416,data set 2
HDPEtreated,,,MWCNT,24.95540937257526,,,0,348.8864589117638,data set 2
HDPEtreated,,,MWCNT,18.104268830550698,,,0,185.5179561727712,data set 2
HDPEtreated,,,MWCNT,5.643488778229652,,,0,15.512000495963767,data set 2
HDPEtreated,,,MWCNT,21.616206383314896,,,0,246.54057288456463,data set 2
HDPEtreated,,,MWCNT,8.635761573794273,,,0,38.840283411954466,data set 2
HDPEtreated,,,MWCNT,8.956609055097317,,,0,40.299020625982585,data set 2
HDPEtreated,,,MWCNT,6.813305374106742,,,0,22.782508029858388,data set 2
HDPEtreated,,,MWCNT,5.183520133467694,,,0,10.81436064796457,data set 2
HDPEtreated,,,MWCNT,15.487191302239252,,,0,119.91500828051258,data set 2
HDPEtreated,,,MWCNT,9.904044616552314,,,0,39.118254835914065,data set 2
HDPEtreated,,,MWCNT,12.153888126514774,,,0,70.77983092272326,data set 2
HDPEtreated,,,MWCNT,15.838076320121733,,,0,133.43297763619864,data set 2
HDPEtreated,,,MWCNT,18.532641513643878,,,0,148.28544019162186,data set 2
HDPEtreated,,,MWCNT,3.064441632163658,,,0,4.43668014370334,data set 2
HDPEtreated,,,MWCNT,19.593774009203543,,,0,167.02867575108223,data set 2
HDPEtreated,,,MWCNT,24.8317788597964,,,0,313.05200964598254,data set 2
HDPEtreated,,,MWCNT,23.868359662125435,,,0,277.18049343711476,data set 2
HDPEtreated,,,MWCNT,21.19364736385054,,,0,247.7423530196376,data set 2
HDPEtreated,,,MWCNT,23.230081250707318,,,0,221.82408469841644,data set 2
HDPEtreated,,,MWCNT,23.720462593119827,,,0,222.35803579439514,data set 2
HDPEtreated,,,MWCNT,4.328812893967057,,,0,7.922168115681848,data set 2
HDPEtreated,,,MWCNT,7.587469281331364,,,0,30.815937790083836,data set 2
HDPEtreated,,,MWCNT,20.591660554076796,,,0,167.32400134307957,data set 2
HDPEtreated,,,MWCNT,6.710748922640533,,,0,16.67595227497552,data set 2
HDPEtreated,,,MWCNT,13.231099086969175,,,0,98.6719393507677,data set 2
HDPEtreated,,,MWCNT,6.203204710271116,,,0,15.041571201296275,data set 2
HDPEtreated,,,MWCNT,2.1513715802608715,,,0,1.7332972531217443,data set 2
HDPEtreated,,,MWCNT,18.060454166111352,,,0,136.72512845096608,data set 2
HDPEtreated,,,MWCNT,4.325833779023211,,,0,9.15558552945151,data set 2
HDPEtreated,,,MWCNT,22.581107061066,,,0,283.48862336902425,data set 2
HDPEtreated,,,MWCNT,11.962239706206619,,,0,61.94831770365459,data set 2
HDPEtreated,,,MWCNT,11.315583028031183,,,0,55.050584101730884,data set 2
HDPEtreated,,,MWCNT,22.179788620386613,,,0,219.29069002193913,data set 2
HDPEtreated,,,MWCNT,23.20016656561924,,,0,296.06239797522625,data set 2
HDPEtreated,,,MWCNT,23.588926200809226,,,0,228.71110343368895,data set 2
HDPEtreated,,,MWCNT,19.624141591648442,,,0,156.60753251949905,data set 2
HDPEtreated,,,MWCNT,4.999509596654216,,,0,9.112967746621623,data set 2
HDPEtreated,,,MWCNT,23.567989323782328,,,0,324.58300648389655,data set 2
HDPEtreated,,,MWCNT,23.16495594940084,,,0,228.72197835644124,data set 2
HDPEtreated,,,MWCNT,5.891755715227307,,,0,14.664965685506974,data set 2
HDPEtreated,,,MWCNT,22.748789165928176,,,0,237.24388943999423,data set 2
HDPEtreated,,,MWCNT,18.25052205494445,,,0,154.70824519968974,data set 2
HDPEtreated,,,MWCNT,24.384673599968174,,,0,333.6649428863833,data set 2
HDPEtreated,,,MWCNT,12.074404800926066,,,0,55.98812769819405,data set 2
HDPEtreated,,,MWCNT,14.571955829922546,,,0,103.79908150758324,data set 2
HDPEtreated,,,MWCNT,23.84019278476551,,,0,258.928957456698,data set 2
HDPEtreated,,,MWCNT,11.298219316056867,,,0,69.37961407842876,data set 2
HDPEtreated,,,MWCNT,23.522702551052493,,,0,219.35391163108275,data set 2
HDPEtreated,,,MWCNT,15.941897418512507,,,0,111.47739507728092,data set 2
HDPEtreated,,,MWCNT,1.143725761568184,,,0,0.40341223520944625,data set 2
HDPEtreated,,,MWCNT,16.814744568194534,,,0,137.65540139911576,data set 2
HDPEtreated,,,MWCNT,1.3400680680988872,,,0,0.4872854240898615,data set 2
HDPEtreated,,,MWCNT,7.957174327829123,,,0,24.78391818081502,data set 2
HDPEtreated,,,MWCNT,20.1435613343941,,,0,209.83120784782946,data set 2
HDPEtreated,,,MWCNT,14.333412318709307,,,0,84.1770972703301,data set 2
HDPEtreated,,,MWCNT,8.171893148296078,,,0,37.08757409962233,data set 2
HDPEtreated,,,MWCNT,23.61632982728345,,,0,306.4707318677015,data set 2
HDPEtreated,,,MWCNT,7.841958189015647,,,0,24.27470846610926,data set 2
HDPEtreated,,,MWCNT,14.543239551503937,,,0,108.75631131124194,data set 2
HDPEtreated,,,MWCNT,17.939272246646816,,,0,139.91540457944947,data set 2
HDPEtreated,,,MWCNT,24.922788077746123,,,0,336.6269312513722,data set 2
HDPEtreated,,,MWCNT,24.890884937261404,,,0,322.88366642574397,data set 2
HDPEtreated,,,MWCNT,8.60739988767131,,,0,36.76273001136853,data set 2
HDPEtreated,,,MWCNT,12.891871688034186,,,0,83.62381051790216,data set 2
HDPEtreated,,,MWCNT,2.070612836745004,,,0,1.3761002261052677,data set 2
HDPEtreated,,,MWCNT,24.525302220302127,,,0,326.7418822472115,data set 2
HDPEtreated,,,MWCNT,12.275570303619476,,,0,79.51839581802109,data set 2
HDPEtreated,,,MWCNT,23.634401209454516,,,0,264.82696475175464,data set 2
HDPEtreated,,,MWCNT,15.954566434775883,,,0,120.05806501173463,data set 2
HDPEtreated,,,MWCNT,1.8736074298921979,,,0,1.4490537387498479,data set 2
HDPEtreated,,,MWCNT,2.0844772292999987,,,0,1.5751532553412422,data set 2
HDPEtreated,,,MWCNT,4.5224072978797505,,,0,9.934254494244836,data set 2
HDPEtreated,,,MWCNT,16.874564339595487,,,0,124.31122001277727,data set 2
HDPEtreated,,,MWCNT,6.84832889409487,,,0,25.164569591598433,data set 2
HDPEtreated,,,MWCNT,9.138329245180124,,,0,46.464990026056086,data set 2
HDPEtreated,,,MWCNT,9.076744128410517,,,0,31.62919071111892,data set 2
HDPEtreated,,,MWCNT,13.841961158308834,,,0,104.02116885604309,data set 2
HDPEtreated,,,MWCNT,21.90240775486051,,,0,273.16759477815026,data set 2
HDPEtreated,,,MWCNT,13.066185956264402,,,0,71.75094985475938,data set 2
HDPEtreated,,,MWCNT,4.015054282986124,,,0,8.173086467791496,data set 2
HDPEtreated,,,MWCNT,22.466900011674387,,,0,227.43058043179494,data set 2
HDPEtreated,,,MWCNT,21.060267470340715,,,0,175.30591288466715,data set 2
HDPEtreated,,,MWCNT,5.002864578949894,,,0,9.035907285722745,data set 2
HDPEtreated,,,MWCNT,9.604261940920154,,,0,48.966035408533074,data set 2
HDPEtreated,,,MWCNT,12.434853594149912,,,0,62.315090863082176,data set 2
HDPEtreated,,,MWCNT,5.808754180920505,,,0,12.598973377170603,data set 2
HDPEtreated,,,MWCNT,14.580734764415226,,,0,122.0921648628903,data set 2
HDPEtreated,,,MWCNT,14.867386096317034,,,0,98.2843424793876,data set 2
HDPEtreated,,,MWCNT,11.858910389670118,,,0,75.3507678874679,data set 2
HDPEtreated,,,MWCNT,22.184534820038788,,,0,257.77689783687356,data set 2
HDPEtreated,,,MWCNT,19.78853600365753,,,0,186.92482572433522,data set 2
HDPEtreated,,,MWCNT,1.6527842302035425,,,0,1.0562707782896832,data set 2
HDPEtreated,,,MWCNT,19.991948485209633,,,0,216.21973988212764,data set 2
HDPEtreated,,,MWCNT,14.79720087203418,,,0,100.29285632613364,data set 2
HDPEtreated,,,MWCNT,1.6237841072691332,,,0,0.8079112373783818,data set 2
HDPEtreated,,,MWCNT,9.824812282249022,,,0,39.62584579783942,data set 2
HDPEtreated,,,MWCNT,8.300671397478572,,,0,35.83597685467673,data set 2
HDPEtreated,,,MWCNT,14.42423516931387,,,0,103.39248443932573,data set 2
HDPEtreated,,,MWCNT,4.024361046185849,,,0,8.060725438512542,data set 2
HDPEtreated,,,MWCNT,21.375917546368605,,,0,210.0542800244885,data set 2
HDPEtreated,,,MWCNT,0.33572147536505537,,,0,0.000564171718142898,data set 2
HDPEtreated,,,MWCNT,0.6967013016063615,,,0,0.08122272446968433,data set 2
HDPEtreated,,,MWCNT,13.063266285275,,,0,96.00241431078673,data set 2
HDPEtreated,,,MWCNT,0.5791345201023677,,,0,0.040578957207896144,data set 2
HDPEtreated,,,MWCNT,16.365105703193006,,,0,120.41770830429485,data set 2
HDPEtreated,,,MWCNT,2.8491413512192763,,,0,2.925093311691652,data set 2
HDPEtreated,,,MWCNT,19.689457912556495,,,0,168.69292945306026,data set 2
HDPEtreated,,,MWCNT,24.767879202190855,,,0,264.89633097995073,data set 2
HDPEtreated,,,MWCNT,6.360597127419389,,,0,21.60549585461543,data set 2
HDPEtreated,,,MWCNT,22.501708519205767,,,0,247.62286446647792,data set 2
HDPEtreated,,,MWCNT,5.562972919050755,,,0,13.800686176505884,data set 2
HDPEtreated,,,MWCNT,17.09007790072718,,,0,135.43394932191887,data set 2
HDPEtreated,,,MWCNT,15.86876405242999,,,0,140.38490227120775,data set 2
HDPEtreated,,,MWCNT,6.960382628683352,,,0,20.994830283893272,data set 2
HDPEtreated,,,MWCNT,5.915732761455164,,,0,13.256162795988951,data set 2
HDPEtreated,,,MWCNT,13.144007763218138,,,0,92.24630384768957,data set 2
HDPEtreated,,,MWCNT,18.098485400579182,,,0,140.27261394068535,data set 2
HDPEtreated,,,MWCNT,9.047495783473343,,,0,36.94051044321243,data set 2
HDPEtreated,,,MWCNT,12.16093951690544,,,0,69.95045678889106,data set 2
HDPEtreated,,,MWCNT,8.231125017614177,,,0,25.423845764062396,data set 2
HDPEtreated,,,MWCNT,2.669614914352105,,,0,2.4918506911298275,data set 2
HDPEtreated,,,MWCNT,4.155716843950077,,,0,7.556387974174017,data set 2
HDPEtreated,,,MWCNT,14.645350733862491,,,0,91.4741128143435,data set 2
HDPEtreated,,,MWCNT,12.427862999452426,,,0,80.30695955466042,data set 2
HDPEtreated,,,MWCNT,12.862013900045806,,,0,74.9066244730511,data set 2
HDPEtreated,,,MWCNT,9.887526302982256,,,0,49.89439424992179,data set 2
HDPEtreated,,,MWCNT,17.95060776702046,,,0,144.75695744347226,data set 2
HDPEtreated,,,MWCNT,12.055975239015432,,,0,67.89183542023488,data set 2
HDPEtreated,,,MWCNT,23.06832609975515,,,0,294.31909271458125,data set 2
HDPEtreated,,,MWCNT,17.006573707474004,,,0,123.9281554395933,data set 2
HDPEtreated,,,MWCNT,13.403131009706614,,,0,98.82188211428786,data set 2
HDPEtreated,,,MWCNT,15.217594669145816,,,0,102.0823374317428,data set 2
HDPEtreated,,,MWCNT,4.79790487913283,,,0,8.9788616142623,data set 2
HDPEtreated,,,MWCNT,24.508019360594886,,,0,280.48809480819875,data set 2
HDPEtreated,,,MWCNT,14.00143443970134,,,0,100.78243486690879,data set 2
HDPEtreated,,,MWCNT,13.817574681293626,,,0,80.72185247495334,data set 2
HDPEtreated,,,MWCNT,6.3246375814501805,,,0,18.35781001102883,data set 2
HDPEtreated,,,MWCNT,13.522940059965194,,,0,100.25031600442499,data set 2
HDPEtreated,,,MWCNT,23.161839512363933,,,0,311.58524350594126,data set 2
HDPEtreated,,,MWCNT,4.571253620084222,,,0,7.688141252491189,data set 2
HDPEtreated,,,MWCNT,23.268403434422247,,,0,267.16503027895504,data set 2
HDPEtreated,,,MWCNT,8.422750568052225,,,0,27.69969529537283,data set 2
HDPEtreated,,,MWCNT,12.81424856621197,,,0,63.50472954714937,data set 2
HDPEtreated,,,MWCNT,0.5445985419580552,,,0,0.031492606654619025,data set 2
HDPEtreated,,,MWCNT,5.969200926727156,,,0,16.785432470515403,data set 2
HDPEtreated,,,MWCNT,16.527022455002047,,,0,155.37279123450645,data set 2
HDPEtreated,,,MWCNT,8.348254417051713,,,0,32.872034483015995,data set 2
HDPEtreated,,,MWCNT,12.918401822109804,,,0,84.00051707690577,data set 2
HDPEtreated,,,MWCNT,15.506697483309637,,,0,130.13303814958928,data set 2
HDPEtreated,,,MWCNT,2.3165867481070297,,,0,2.379465674437944,data set 2
HDPEtreated,,,MWCNT,13.039494142466955,,,0,81.53575092553567,data set 2
HDPEtreated,,,MWCNT,23.565864867056405,,,0,261.08202194948916,data set 2
HDPEtreated,,,MWCNT,4.412141510077472,,,0,7.221180606621777,data set 2
HDPEtreated,,,MWCNT,9.373164786932447,,,0,42.12057781640717,data set 2
HDPEtreated,,,MWCNT,12.54470997842001,,,0,63.319453991680305,data set 2
HDPEtreated,,,MWCNT,12.577435042553649,,,0,86.82968792884792,data set 2
HDPEtreated,,,MWCNT,24.802858092597756,,,0,279.16544155362124,data set 2
HDPEtreated,,,MWCNT,2.367656215831175,,,0,2.208720559882245,data set 2
HDPEtreated,,,MWCNT,8.45316194258859,,,0,31.72817526970417,data set 2
HDPEtreated,,,MWCNT,15.187362030851212,,,0,100.31302517462042,data set 2
HDPEtreated,,,MWCNT,5.551198155331133,,,0,11.348674406759988,data set 2
HDPEtreated,,,MWCNT,3.190693076794862,,,0,4.764078096528728,data set 2
HDPEtreated,,,MWCNT,9.038464565496477,,,0,40.144433650304016,data set 2
HDPEtreated,,,MWCNT,5.001340688040048,,,0,12.182311562821829,data set 2
HDPEtreated,,,MWCNT,24.59257073301686,,,0,353.87374844863734,data set 2
HDPEtreated,,,MWCNT,5.139958076391501,,,0,13.473135467883365,data set 2
HDPEtreated,,,MWCNT,22.992332413940492,,,0,228.68666915195834,data set 2
HDPEtreated,,,MWCNT,20.261109308689555,,,0,236.23355438032493,data set 2
HDPEtreated,,,MWCNT,9.493238367331418,,,0,46.05271047152645,data set 2
HDPEtreated,,,MWCNT,22.03338241755011,,,0,193.79762081728137,data set 2
HDPEtreated,,,MWCNT,15.610519571946021,,,0,135.47071174167473,data set 2
HDPEtreated,,,MWCNT,4.715833960935905,,,0,8.508907710822568,data set 2
HDPEtreated,,,MWCNT,20.583245124661204,,,0,183.13791422398802,data set 2
HDPEtreated,,,MWCNT,20.91213148629875,,,0,231.9421824441056,data set 2
HDPEtreated,,,MWCNT,21.736730401831554,,,0,228.3124627279591,data set 2
HDPEtreated,,,MWCNT,3.700876726112966,,,0,6.101146860225381,data set 2
HDPEtreated,,,MWCNT,0.4202658165668752,,,0,0.008552733812169023,data set 2
HDPEtreated,,,MWCNT,7.484214183143561,,,0,23.44777492859767,data set 2
HDPEtreated,,,MWCNT,15.414089479531961,,,0,115.24791388388735,data set 2
HDPEtreated,,,MWCNT,2.9962721178043727,,,0,4.124485882382485,data set 2
HDPEtreated,,,MWCNT,9.54160512113834,,,0,49.33409415782599,data set 2
HDPEtreated,,,MWCNT,16.207591142761895,,,0,131.23949921474727,data set 2
HDPEtreated,,,MWCNT,14.059898438900984,,,0,91.66171966993136,data set 2
HDPEtreated,,,MWCNT,24.297139517983446,,,0,318.42563888515434,data set 2
HDPEtreated,,,MWCNT,3.6919926398188783,,,0,6.5512103109022,data set 2
HDPEtreated,,,MWCNT,16.709821082820525,,,0,119.16790591105394,data set 2
HDPEtreated,,,MWCNT,17.18102265545658,,,0,145.29608864965675,data set 2
HDPEtreated,,,MWCNT,23.095596469879613,,,0,208.21297146626853,data set 2
HDPEtreated,,,MWCNT,20.753698965958687,,,0,180.3190246062647,data set 2
HDPEtreated,,,MWCNT,15.388825284820093,,,0,92.6253772212155,data set 2
HDPEtreated,,,MWCNT,16.901704634106938,,,0,123.42198913259351,data set 2
HDPEtreated,,,MWCNT,15.550047331800823,,,0,121.12564741382353,data set 2
HDPEtreated,,,MWCNT,20.182691433410348,,,0,191.21272940699384,data set 2
HDPEtreated,,,MWCNT,11.833159350636347,,,0,56.14650542542457,data set 2
HDPEtreated,,,MWCNT,2.6348902872011752,,,0,2.330397671704204,data set 2
HDPEtreated,,,MWCNT,6.351184323813562,,,0,18.163861561214492,data set 2
HDPEtreated,,,MWCNT,11.112404014040758,,,0,62.4498571597192,data set 2
HDPEtreated,,,MWCNT,13.361937651545173,,,0,86.94654625141634,data set 2
HDPEtreated,,,MWCNT,3.5411156207186454,,,0,4.674294409576426,data set 2
HDPEtreated,,,MWCNT,18.908777073384087,,,0,148.1767241826164,data set 2
HDPEtreated,,,MWCNT,18.30211742768988,,,0,175.78863440760796,data set 2
HDPEtreated,,,MWCNT,11.47519126940354,,,0,53.445713628065796,data set 2
HDPEtreated,,,MWCNT,16.173492737848296,,,0,100.9566917305444,data set 2
HDPEtreated,,,MWCNT,11.84243056381258,,,0,56.29759997457912,data set 2
HDPEtreated,,,MWCNT,24.08061148408464,,,0,289.35095849470326,data set 2
HDPEtreated,,,MWCNT,24.317324174127172,,,0,242.53508644846863,data set 2
HDPEtreated,,,MWCNT,2.715374302276867,,,0,3.1396527275880755,data set 2
HDPEtreated,,,MWCNT,19.08480656375717,,,0,204.07313325225442,data set 2
HDPEtreated,,,MWCNT,4.963868689804559,,,0,8.701629616211893,data set 2
HDPEtreated,,,MWCNT,24.963988787688834,,,0,269.5662945477347,data set 2
HDPEtreated,,,MWCNT,21.638669649588483,,,0,248.94004047827113,data set 2
HDPEtreated,,,MWCNT,24.50811432439663,,,0,249.93073295784666,data set 2
HDPEtreated,,,MWCNT,11.421024144041361,,,0,66.4096185733989,data set 2
HDPEtreated,,,MWCNT,13.85386088826492,,,0,82.32722718198907,data set 2
HDPEtreated,,,MWCNT,19.56254731358656,,,0,188.23537369810333,data set 2
HDPEtreated,,,MWCNT,10.955451594545554,,,0,65.83459490849332,data set 2
HDPEtreated,,,MWCNT,23.77222958220758,,,0,221.26884827069887,data set 2
HDPEtreated,,,MWCNT,7.726109574807091,,,0,22.097719370045045,data set 2
HDPEtreated,,,MWCNT,3.5194416291914408,,,0,4.658999229786595,data set 2
HDPEtreated,,,MWCNT,23.731737139081243,,,0,285.2132585607256,data set 2
HDPEtreated,,,MWCNT,3.2204223520890807,,,0,4.6588424364360606,data set 2
HDPEtreated,,,MWCNT,3.7861235213157736,,,0,7.163775282231648,data set 2
HDPEtreated,,,MWCNT,23.086516513537273,,,0,294.13667492290784,data set 2
HDPEtreated,,,MWCNT,11.014173760712524,,,0,55.12662826464664,data set 2
HDPEtreated,,,MWCNT,11.482492239830975,,,0,63.66154376058324,data set 2
HDPEtreated,,,MWCNT,18.41212826582348,,,0,176.41694318288413,data set 2
HDPEtreated,,,MWCNT,19.637812783163554,,,0,196.48296206776766,data set 2
HDPEtreated,,,MWCNT,7.6843550170302475,,,0,28.4224542107085,data set 2
HDPEtreated,,,MWCNT,19.598996671019258,,,0,163.05759125667436,data set 2
HDPEtreated,,,MWCNT,24.817435590106125,,,0,301.3758100090406,data set 2
HDPEtreated,,,MWCNT,15.365747467821027,,,0,97.65726606064625,data set 2
HDPEtreated,,,MWCNT,6.597241415938079,,,0,18.936311212452956,data set 2
HDPEtreated,,,MWCNT,5.220597532119825,,,0,14.329509944609567,data set 2
HDPEtreated,,,MWCNT,19.542649751629604,,,0,162.28467916114536,data set 2
HDPEtreated,,,MWCNT,21.629934756445028,,,0,227.55791080762603,data set 2
HDPEtreated,,,MWCNT,20.340195127206513,,,0,237.31467224183834,data set 2
HDPEtreated,,,MWCNT,20.504018720101765,,,0,179.49346930471285,data set 2
HDPEtreated,,,MWCNT,6.262149839116612,,,0,17.13409457747935,data set 2
HDPEtreated,,,MWCNT,23.012592841921283,,,0,245.61311787577483,data set 2
HDPEtreated,,,MWCNT,14.713059065423307,,,0,96.41915953563402,data set 2
HDPEtreated,,,MWCNT,14.504729883638875,,,0,86.26292499301708,data set 2
HDPEtreated,,,MWCNT,24.657937394580156,,,0,332.48002119008794,data set 2
HDPEtreated,,,MWCNT,22.973347960224554,,,0,287.7597515527057,data set 2
HDPEtreated,,,MWCNT,1.868075117682546,,,0,1.2424348087371366,data set 2
HDPEtreated,,,MWCNT,24.588849409270306,,,0,292.7454572174757,data set 2
HDPEtreated,,,MWCNT,16.392944110894337,,,0,121.52596355542653,data set 2
HDPEtreated,,,MWCNT,21.73045027652824,,,0,184.12191181999992,data set 2
HDPEtreated,,,MWCNT,19.100655836034413,,,0,142.20049913467003,data set 2
HDPEtreated,,,MWCNT,4.2393824394785415,,,0,8.691170042507531,data set 2
HDPEtreated,,,MWCNT,13.119921063072027,,,0,75.72423757143268,data set 2
HDPEtreated,,,MWCNT,24.10153294440399,,,0,330.9423913415387,data set 2
HDPEtreated,,,MWCNT,21.979008016996644,,,0,240.02745203700857,data set 2
HDPEtreated,,,MWCNT,12.129591148255006,,,0,79.48164835151289,data set 2
HDPEtreated,,,MWCNT,14.12251656810261,,,0,98.705470908627,data set 2
HDPEtreated,,,MWCNT,23.27820761296831,,,0,241.2412598149041,data set 2
HDPEtreated,,,MWCNT,7.100379058923433,,,0,19.96654733071527,data set 2
HDPEtreated,,,MWCNT,14.801884393483585,,,0,86.86945436350838,data set 2
HDPEtreated,,,MWCNT,18.81591877713275,,,0,164.92411758967668,data set 2
HDPEtreated,,,MWCNT,22.064087014889857,,,0,277.60422213765725,data set 2
HDPEtreated,,,MWCNT,4.443448904094246,,,0,6.995606746275425,data set 2
HDPEtreated,,,MWCNT,7.297764963756605,,,0,19.770957332742253,data set 2
HDPEtreated,,,MWCNT,11.674247300251418,,,0,64.19108567443322,data set 2
HDPEtreated,,,MWCNT,23.72628826108742,,,0,255.71448609750192,data set 2
HDPEtreated,,,MWCNT,0.31064175540171735,,,0,4.6530422300621064e-05,data set 2
HDPEtreated,,,MWCNT,12.194255670799691,,,0,83.38727815721093,data set 2
HDPEtreated,,,MWCNT,13.78747813143277,,,0,82.83994626447512,data set 2
HDPEtreated,,,MWCNT,21.985444110897102,,,0,247.1931467633452,data set 2
HDPEtreated,,,MWCNT,10.326085097566471,,,0,51.732920431561794,data set 2
HDPEtreated,,,MWCNT,4.959552711421142,,,0,12.153667750461462,data set 2
HDPEtreated,,,MWCNT,3.5670848488298224,,,0,6.078982336049129,data set 2
HDPEtreated,,,MWCNT,6.883857600290496,,,0,19.844689762570404,data set 2
HDPEtreated,,,MWCNT,17.736659561056282,,,0,170.81048089881006,data set 2
HDPEtreated,,,MWCNT,4.4936187678301405,,,0,7.92096289547769,data set 2
HDPEtreated,,,MWCNT,8.520593825953824,,,0,29.82059107882829,data set 2
HDPEtreated,,,MWCNT,12.994328264623958,,,0,84.18372047161708,data set 2
HDPEtreated,,,MWCNT,12.683509608482893,,,0,61.57495714896784,data set 2
HDPEtreated,,,MWCNT,2.224603906835621,,,0,1.815760545917789,data set 2
HDPEtreated,,,MWCNT,24.237351946450154,,,0,253.4794487944549,data set 2
HDPEtreated,,,MWCNT,0.8389243962051163,,,0,0.13916742998828205,data set 2
HDPEtreated,,,MWCNT,18.03629442722333,,,0,175.6506700174408,data set 2
HDPEtreated,,,MWCNT,2.210903388115351,,,0,1.6523175917890747,data set 2
HDPEtreated,,,MWCNT,18.895138586401583,,,0,159.09113515678325,data set 2
HDPEtreated,,,MWCNT,9.008188411115436,,,0,43.40924729160054,data set 2
HDPEtreated,,,MWCNT,20.562870415089606,,,0,222.63429496282464,data set 2
HDPEtreated,,,MWCNT,15.572117711532382,,,0,103.32130165574767,data set 2
HDPEtreated,,,MWCNT,1.1995356149495855,,,0,0.36844141621570675,data set 2
HDPEtreated,,,MWCNT,4.637008104045371,,,0,11.123181417659527,data set 2
HDPEtreated,,,MWCNT,22.400152479166955,,,0,249.77169972277443,data set 2
HDPEtreated,,,MWCNT,19.35993367380376,,,0,194.56474933843467,data set 2
HDPEtreated,,,MWCNT,4.755228361111112,,,0,9.949038425490471,data set 2
HDPEtreated,,,MWCNT,16.703091760242827,,,0,117.1410649121014,data set 2
HDPEtreated,,,MWCNT,10.542029261225997,,,0,54.7385319672846,data set 2
HDPEtreated,,,MWCNT,14.728836029070964,,,0,103.74180838841049,data set 2
HDPEtreated,,,MWCNT,23.386110170660412,,,0,280.79424490396275,data set 2
HDPEtreated,,,MWCNT,23.048696359283085,,,0,287.8526530863083,data set 2
HDPEtreated,,,MWCNT,11.453252934914905,,,0,57.074058219581055,data set 2
HDPEtreated,,,MWCNT,6.914688251072373,,,0,23.550667709516002,data set 2
HDPEtreated,,,MWCNT,1.748481434232522,,,0,0.978063430839346,data set 2
HDPEtreated,,,MWCNT,10.405316488898173,,,0,51.87369653437823,data set 2
HDPEtreated,,,MWCNT,8.348425831371426,,,0,35.45352775740655,data set 2
HDPEtreated,,,MWCNT,3.3981490537579973,,,0,5.397589395418221,data set 2
HDPEtreated,,,MWCNT,1.0635109519508479,,,0,0.3150395229428865,data set 2
HDPEtreated,,,MWCNT,22.824736351962635,,,0,277.402208474093,data set 2
HDPEtreated,,,MWCNT,5.140388277996238,,,0,12.065208261192163,data set 2
HDPEtreated,,,MWCNT,19.47218249276348,,,0,198.24396594162113,data set 2
HDPEtreated,,,MWCNT,3.941354664505518,,,0,6.0037500804677615,data set 2
HDPEtreated,,,MWCNT,11.577691642654681,,,0,54.9024252463547,data set 2
HDPEtreated,,,MWCNT,4.834874971288646,,,0,8.410830617441638,data set 2
HDPEtreated,,,MWCNT,13.690936112257841,,,0,105.49942626929487,data set 2
HDPEtreated,,,MWCNT,15.155100453652794,,,0,91.81284567086377,data set 2
HDPEtreated,,,MWCNT,8.542504047553846,,,0,40.09829361261885,data set 2
HDPEtreated,,,MWCNT,20.322235049542268,,,0,239.12057867544743,data set 2
HDPEtreated,,,MWCNT,15.371593583740571,,,0,127.49967101134013,data set 2
HDPEtreated,,,MWCNT,1.350012794564181,,,0,0.4873410173454759,data set 2
HDPEtreated,,,MWCNT,3.4756136129832087,,,0,5.622638835866879,data set 2
HDPEtreated,,,MWCNT,12.333593757476443,,,0,86.3491327548615,data set 2
HDPEtreated,,,MWCNT,19.051689216568963,,,0,173.23896862499018,data set 2
HDPEtreated,,,MWCNT,11.019623248207052,,,0,62.692223674690176,data set 2
HDPEtreated,,,MWCNT,23.419234499342664,,,0,314.75570060463986,data set 2
HDPEtreated,,,MWCNT,5.639633818039278,,,0,16.03430706964199,data set 2
HDPEtreated,,,MWCNT,22.90473942241834,,,0,258.7176287312666,data set 2
HDPEtreated,,,MWCNT,14.887188779010682,,,0,104.01226795998838,data set 2
HDPEtreated,,,MWCNT,9.353111385786391,,,0,35.03353264372022,data set 2
HDPEtreated,,,MWCNT,0.6955687197385885,,,0,0.06970772815484744,data set 2
HDPEtreated,,,MWCNT,10.200377344057163,,,0,56.379335790507476,data set 2
HDPEtreated,,,MWCNT,13.427520821661256,,,0,83.24707524617087,data set 2
HDPEtreated,,,MWCNT,5.7742651071798035,,,0,13.709066739443637,data set 2
HDPEtreated,,,MWCNT,1.4105806805611927,,,0,0.6899080996592407,data set 2
HDPEtreated,,,MWCNT,24.198155336782325,,,0,279.1240946510382,data set 2
HDPEtreated,,,MWCNT,15.541862016826437,,,0,126.46129912407847,data set 2
HDPEtreated,,,MWCNT,17.65903616816473,,,0,167.96286582088615,data set 2
HDPEtreated,,,MWCNT,24.23385207554219,,,0,275.4516571885528,data set 2
HDPEtreated,,,MWCNT,23.09924446099697,,,0,310.21858440472005,data set 2
HDPEtreated,,,MWCNT,22.39055088855758,,,0,219.84530677243964,data set 2
HDPEtreated,,,MWCNT,24.471334908319825,,,0,299.23856462409475,data set 2
HDPEtreated,,,MWCNT,8.75007628505134,,,0,35.7359065253718,data set 2
HDPEtreated,,,MWCNT,19.434671640976013,,,0,148.1842206407289,data set 2
HDPEtreated,,,MWCNT,19.331307872661558,,,0,163.58917875903782,data set 2
HDPEtreated,,,MWCNT,23.138799338656945,,,0,262.5709318614656,data set 2
HDPEtreated,,,MWCNT,18.720573326140748,,,0,173.31364090800292,data set 2
HDPEtreated,,,MWCNT,20.106284614002007,,,0,177.49309153628,data set 2
HDPEtreated,,,MWCNT,13.908752610248836,,,0,93.07763545344423,data set 2
HDPEtreated,,,MWCNT,6.9417685450421,,,0,20.20717306673381,data set 2
HDPEtreated,,,MWCNT,6.980636862561593,,,0,24.63656466624795,data set 2
HDPEtreated,,,MWCNT,11.341517613664779,,,0,49.276579823753394,data set 2
HDPEtreated,,,MWCNT,6.333809833483041,,,0,18.307267857628013,data set 2
HDPEtreated,,,MWCNT,7.3120860234562635,,,0,26.52555217674052,data set 2
HDPEtreated,,,MWCNT,7.3808930660110255,,,0,23.007052788656992,data set 2
HDPEtreated,,,MWCNT,0.7330654979110169,,,0,0.10706727366519363,data set 2
HDPEtreated,,,MWCNT,13.887482374293505,,,0,86.89287398350709,data set 2
HDPEtreated,,,MWCNT,16.916549340709985,,,0,115.74216460839283,data set 2
HDPEtreated,,,MWCNT,14.708921527218253,,,0,102.85028457437369,data set 2
HDPEtreated,,,MWCNT,15.820017631760534,,,0,110.53099926040498,data set 2
HDPEtreated,,,MWCNT,9.713052192280728,,,0,45.33242310011183,data set 2
HDPEtreated,,,MWCNT,20.477327891555465,,,0,179.28673245974346,data set 2
HDPEtreated,,,MWCNT,5.045545002532175,,,0,13.014256498220973,data set 2
HDPEtreated,,,MWCNT,14.965221605495813,,,0,124.8723330897273,data set 2
HDPEtreated,,,MWCNT,21.31920975473542,,,0,255.89651174475674,data set 2
HDPEtreated,,,MWCNT,2.9110169102194288,,,0,3.603969377514221,data set 2
HDPEtreated,,,MWCNT,16.687117180915887,,,0,112.95781761651092,data set 2
HDPEtreated,,,MWCNT,22.132980960169544,,,0,223.84475995401533,data set 2
HDPEtreated,,,MWCNT,7.502699293854692,,,0,21.58651167442811,data set 2
HDPEtreated,,,MWCNT,24.81930524117434,,,0,322.4863304258917,data set 2
HDPEtreated,,,MWCNT,0.7967712261227597,,,0,0.1419750984998331,data set 2
HDPEtreated,,,MWCNT,6.849616153278704,,,0,20.542242696680244,data set 2
HDPEtreated,,,MWCNT,6.4792319114746615,,,0,18.457480069016576,data set 2
HDPEtreated,,,MWCNT,1.1324109694308828,,,0,0.3883392641528684,data set 2
HDPEtreated,,,MWCNT,3.870957719001249,,,0,5.842567300915622,data set 2
HDPEtreated,,,MWCNT,8.204905209499914,,,0,34.371595165619354,data set 2
HDPEtreated,,,MWCNT,5.0296314419299755,,,0,12.396104128059912,data set 2
HDPEtreated,,,MWCNT,9.083637944456854,,,0,35.94068244263838,data set 2
HDPEtreated,,,MWCNT,9.919651022228948,,,0,40.88991766836596,data set 2
HDPEtreated,,,MWCNT,20.848082856681913,,,0,234.2421860191519,data set 2
HDPEtreated,,,MWCNT,10.634394347378237,,,0,44.63252139354894,data set 2
HDPEtreated,,,MWCNT,9.194943050135825,,,0,37.71861386228911,data set 2
HDPEtreated,,,MWCNT,19.693188708783588,,,0,186.39123392895388,data set 2
HDPEtreated,,,MWCNT,20.099142394617466,,,0,205.92572957908578,data set 2
HDPEtreated,,,MWCNT,23.78854284854761,,,0,300.50022852113193,data set 2
HDPEtreated,,,MWCNT,5.9747451758885965,,,0,16.5866467651982,data set 2
HDPEtreated,,,MWCNT,17.321948629550803,,,0,146.3427306984844,data set 2
HDPEtreated,,,MWCNT,12.87397884268236,,,0,94.1667319928443,data set 2
HDPEtreated,,,MWCNT,6.716322901671066,,,0,24.527364780043392,data set 2
HDPEtreated,,,MWCNT,12.916147840993517,,,0,65.74096017037157,data set 2
HDPEtreated,,,MWCNT,18.96956225847848,,,0,195.1541462006044,data set 2
HDPEtreated,,,MWCNT,6.5276860505617575,,,0,22.169145344924374,data set 2
HDPEtreated,,,MWCNT,3.684266714744033,,,0,5.051913490730078,data set 2
HDPEtreated,,,MWCNT,15.052015016787475,,,0,127.18038381019288,data set 2
HDPEtreated,,,MWCNT,16.58674169115862,,,0,150.65746466354923,data set 2
HDPEtreated,,,MWCNT,10.551411173051559,,,0,47.742797958368186,data set 2
HDPEtreated,,,MWCNT,9.237344771513438,,,0,37.29794939643622,data set 2
HDPEtreated,,,MWCNT,21.97880647851036,,,0,234.4782619359871,data set 2
HDPEtreated,,,MWCNT,12.778078854772867,,,0,80.17931997367258,data set 2
HDPEtreated,,,MWCNT,7.814240996054277,,,0,31.697081736878562,data set 2
HDPEtreated,,,MWCNT,20.33016606500264,,,0,214.95522452283407,data set 2
HDPEtreated,,,MWCNT,23.46985188399055,,,0,312.70959819306745,data set 2
HDPEtreated,,,MWCNT,1.2639152010006935,,,0,0.38741774608614876,data set 2
HDPEtreated,,,MWCNT,16.488594057069513,,,0,116.12661997181159,data set 2
HDPEtreated,,,MWCNT,11.735281560478228,,,0,60.38720719478057,data set 2
HDPEtreated,,,MWCNT,6.01121800356625,,,0,17.012639724796816,data set 2
HDPEtreated,,,MWCNT,5.8420227670933,,,0,16.6615199174544,data set 2
HDPEtreated,,,MWCNT,10.708183139296391,,,0,63.134983191591054,data set 2
HDPEtreated,,,MWCNT,22.721579517326752,,,0,284.05927023771943,data set 2
HDPEtreated,,,MWCNT,10.063087254495265,,,0,50.94757481873413,data set 2
HDPEtreated,,,MWCNT,18.710754793537628,,,0,189.4902660678249,data set 2
HDPEtreated,,,MWCNT,7.766327766144837,,,0,25.579395842779014,data set 2
HDPEtreated,,,MWCNT,14.269904127771454,,,0,101.3770536019147,data set 2
HDPEtreated,,,MWCNT,20.063983017651907,,,0,226.91796972756146,data set 2
HDPEtreated,,,MWCNT,10.013687636437067,,,0,45.888487042298166,data set 2
HDPEtreated,,,MWCNT,18.96771220271687,,,0,186.91360400925032,data set 2
HDPEtreated,,,MWCNT,24.324202682760408,,,0,257.8707094735239,data set 2
HDPEtreated,,,MWCNT,2.0377257086883716,,,0,1.3229135428481253,data set 2
HDPEtreated,,,MWCNT,12.846656931044322,,,0,86.05483570125472,data set 2
HDPEtreated,,,MWCNT,14.49871828385668,,,0,106.58882531568071,data set 2
HDPEtreated,,,MWCNT,10.932645367084902,,,0,50.010078272041206,data set 2
HDPEtreated,,,MWCNT,14.504077140074612,,,0,95.93566357725072,data set 2
HDPEtreated,,,MWCNT,3.93024989465529,,,0,5.619243214677954,data set 2
HDPEtreated,,,MWCNT,16.21820640733112,,,0,107.80147009758349,data set 2
HDPEtreated,,,MWCNT,24.892106993520347,,,0,293.8512130412278,data set 2
HDPEtreated,,,MWCNT,12.715341541971474,,,0,80.32179608383666,data set 2
HDPEtreated,,,MWCNT,5.330806258521788,,,0,11.34114654297881,data set 2
HDPEtreated,,,MWCNT,13.577601132255438,,,0,78.24987076158223,data set 2
HDPEtreated,,,MWCNT,14.045431425399869,,,0,108.29888867536431,data set 2
HDPEtreated,,,MWCNT,6.2571202724539905,,,0,18.871247249708077,data set 2
HDPEtreated,,,MWCNT,6.6943752471457865,,,0,23.362881126075358,data set 2
HDPEtreated,,,MWCNT,21.14470979624701,,,0,208.20383167996977,data set 2
HDPEtreated,,,MWCNT,20.20176502074644,,,0,183.9528691758328,data set 2
HDPEtreated,,,MWCNT,10.7827822583938,,,0,47.97264995951531,data set 2
HDPEtreated,,,MWCNT,2.8462995406585856,,,0,3.4497498522457333,data set 2
HDPEtreated,,,MWCNT,2.12979754855175,,,0,1.915922944480703,data set 2
HDPEtreated,,,MWCNT,3.5890394543052166,,,0,5.438948055241506,data set 2
HDPEtreated,,,MWCNT,16.694540030942317,,,0,157.2211817081683,data set 2
HDPEtreated,,,MWCNT,1.7308094812567916,,,0,1.2071912007737653,data set 2
HDPEtreated,,,MWCNT,12.4151342135721,,,0,81.69515951314607,data set 2
HDPEtreated,,,MWCNT,1.1496962520481555,,,0,0.3859820169908164,data set 2
HDPEtreated,,,MWCNT,22.960267696383546,,,0,267.4542761540518,data set 2
HDPEtreated,,,MWCNT,22.364161646620467,,,0,278.8532144192288,data set 2
HDPEtreated,,,MWCNT,4.808423855581826,,,0,11.021666596090315,data set 2
HDPEtreated,,,MWCNT,20.824356125801582,,,0,204.79455798173584,data set 2
HDPEtreated,,,MWCNT,22.657803312958524,,,0,240.00790000537955,data set 2
HDPEtreated,,,MWCNT,8.30289086213138,,,0,26.758478386783853,data set 2
HDPEtreated,,,MWCNT,20.607439028185677,,,0,190.2386517786993,data set 2
HDPEtreated,,,MWCNT,22.236924645973335,,,0,284.6787563722312,data set 2
HDPEtreated,,,MWCNT,6.220150653850676,,,0,18.538743362985688,data set 2
HDPEtreated,,,MWCNT,7.1799782256344455,,,0,25.518880710216035,data set 2
HDPEtreated,,,MWCNT,3.578286517820649,,,0,5.665124613001349,data set 2
HDPEtreated,,,MWCNT,17.381753360136422,,,0,146.17308064226532,data set 2
HDPEtreated,,,MWCNT,17.05633084947647,,,0,140.68558235436734,data set 2
HDPEtreated,,,MWCNT,3.4035712402147658,,,0,5.62310098186339,data set 2
HDPEtreated,,,MWCNT,3.8727250664216144,,,0,5.792547742039642,data set 2
HDPEtreated,,,MWCNT,21.548312786262816,,,0,209.04932643301757,data set 2
HDPEtreated,,,MWCNT,7.501489708373016,,,0,25.94424527763379,data set 2
HDPEtreated,,,MWCNT,23.493946710250295,,,0,252.42538613343936,data set 2
HDPEtreated,,,MWCNT,6.658921168058041,,,0,19.777971699756552,data set 2
HDPEtreated,,,MWCNT,18.08207679076707,,,0,182.47687741895365,data set 2
HDPEtreated,,,MWCNT,21.125584720236624,,,0,207.31304950814652,data set 2
HDPEtreated,,,MWCNT,15.937538359308657,,,0,100.24929189937939,data set 2
HDPEtreated,,,MWCNT,24.676968266437733,,,0,268.6028488064782,data set 2
HDPEtreated,,,MWCNT,16.858193557989672,,,0,111.33126224444615,data set 2
HDPEtreated,,,MWCNT,22.629076639896674,,,0,291.7854018075953,data set 2
HDPEtreated,,,MWCNT,3.3633874405880393,,,0,4.162959895639961,data set 2
HDPEtreated,,,MWCNT,22.242212323061352,,,0,256.7153060564928,data set 2
HDPEtreated,,,MWCNT,2.1200130120144274,,,0,1.8144601177250599,data set 2
HDPEtreated,,,MWCNT,6.038565455090655,,,0,15.138582807360665,data set 2
HDPEtreated,,,MWCNT,20.005399437282378,,,0,207.12549511495297,data set 2
HDPEtreated,,,MWCNT,24.024291477520368,,,0,262.99007684516806,data set 2
HDPEtreated,,,MWCNT,15.325724194724499,,,0,90.93142522021786,data set 2
HDPEtreated,,,MWCNT,13.216887818313406,,,0,93.29260534915039,data set 2
HDPEtreated,,,MWCNT,3.4838735600113067,,,0,4.1506806668931135,data set 2
HDPEtreated,,,MWCNT,5.675971238684701,,,0,15.26666973474243,data set 2
HDPEtreated,,,MWCNT,0.34270338466423733,,,0,0.0007953702571375127,data set 2
HDPEtreated,,,MWCNT,19.794363811229303,,,0,198.55775857463183,data set 2
HDPEtreated,,,MWCNT,18.415778156345624,,,0,196.13593268741016,data set 2
HDPEtreated,,,MWCNT,12.642794853171292,,,0,70.44794706922427,data set 2
HDPEtreated,,,MWCNT,17.850699978893346,,,0,144.78027636179115,data set 2
HDPEtreated,,,MWCNT,2.1603322682102175,,,0,1.7051068146696233,data set 2
HDPEtreated,,,MWCNT,12.542960648174498,,,0,65.79729133205716,data set 2
HDPEtreated,,,MWCNT,17.979665227620853,,,0,141.26283909997974,data set 2
HDPEtreated,,,MWCNT,17.90769669317557,,,0,160.2796618024205,data set 2
HDPEtreated,,,MWCNT,10.48716519093702,,,0,50.16335305542314,data set 2
HDPEtreated,,,MWCNT,17.88381972895686,,,0,172.51754652663763,data set 2
HDPEtreated,,,MWCNT,16.294036646214757,,,0,112.98625820833239,data set 2
HDPEtreated,,,MWCNT,18.518990286953336,,,0,142.87134765907547,data set 2
HDPEtreated,,,MWCNT,6.612992671446121,,,0,22.349876846379324,data set 2
HDPEtreated,,,MWCNT,1.5072260599544576,,,0,0.6658338410860971,data set 2
HDPEtreated,,,MWCNT,15.458587912331348,,,0,130.0443279854878,data set 2
HDPEtreated,,,MWCNT,23.280137458571588,,,0,271.12477532656885,data set 2
HDPEtreated,,,MWCNT,5.2022829391633225,,,0,10.084857565299044,data set 2
HDPEtreated,,,MWCNT,21.209039238927872,,,0,177.73422603275327,data set 2
HDPEtreated,,,MWCNT,20.224423446323296,,,0,183.3372574846332,data set 2
HDPEtreated,,,MWCNT,15.695237373058323,,,0,95.37127754196923,data set 2
HDPEtreated,,,MWCNT,8.840327501039571,,,0,35.65260078663551,data set 2
HDPEtreated,,,MWCNT,2.443517231244597,,,0,2.2955314210717743,data set 2
HDPEtreated,,,MWCNT,4.214047857226353,,,0,9.124573420887803,data set 2
HDPEtreated,,,MWCNT,1.900719048417724,,,0,1.2092280057099773,data set 2
HDPEtreated,,,MWCNT,1.1965908770039395,,,0,0.4183143859250122,data set 2
HDPEtreated,,,MWCNT,10.794077858609695,,,0,65.87063548206355,data set 2
HDPEtreated,,,MWCNT,2.0245316319773012,,,0,1.2235193367458912,data set 2
HDPEtreated,,,MWCNT,23.555848788135258,,,0,281.72400075686693,data set 2
HDPEtreated,,,MWCNT,6.604794822250373,,,0,18.189269292627763,data set 2
HDPEtreated,,,MWCNT,17.39221182095322,,,0,161.54596906559632,data set 2
HDPEtreated,,,MWCNT,24.807283139827675,,,0,251.85848760266262,data set 2
HDPEtreated,,,MWCNT,9.916810623255532,,,0,45.208930388278546,data set 2
HDPEtreated,,,MWCNT,3.323080567561407,,,0,4.9671389885270525,data set 2
HDPEtreated,,,MWCNT,5.395548364473629,,,0,13.506620763957677,data set 2
HDPEtreated,,,MWCNT,22.845896447963728,,,0,259.99066260800765,data set 2
HDPEtreated,,,MWCNT,16.710163075109023,,,0,112.5543987834835,data set 2
HDPEtreated,,,MWCNT,22.04027585739149,,,0,250.14355981505614,data set 2
HDPEtreated,,,MWCNT,4.754505573857601,,,0,10.560588977886107,data set 2
HDPEtreated,,,MWCNT,21.314911264808597,,,0,205.87241327907526,data set 2
HDPEtreated,,,MWCNT,2.4035031184049838,,,0,2.272108093123881,data set 2
HDPEtreated,,,MWCNT,16.777423082970607,,,0,145.4818151768537,data set 2
HDPEtreated,,,MWCNT,6.663255644954174,,,0,21.299641854858518,data set 2
HDPEtreated,,,MWCNT,19.28902864416738,,,0,146.77707362846274,data set 2
HDPEtreated,,,MWCNT,9.651245742010818,,,0,50.89348355713477,data set 2
HDPEtreated,,,MWCNT,15.197172348449692,,,0,125.80172695914654,data set 2
HDPEtreated,,,MWCNT,16.348404046797704,,,0,111.17174725868227,data set 2
HDPEtreated,,,MWCNT,1.4639786986532648,,,0,0.7288543676552539,data set 2
HDPEtreated,,,MWCNT,9.534035591125322,,,0,35.28816604833564,data set 2
HDPEtreated,,,MWCNT,19.262263584738335,,,0,185.90970467115,data set 2
HDPEtreated,,,MWCNT,14.207339274420077,,,0,113.45928075766932,data set 2
HDPEtreated,,,MWCNT,13.479788766288843,,,0,79.62878581359783,data set 2
HDPEtreated,,,MWCNT,7.263527703345379,,,0,23.088672242751667,data set 2
HDPEtreated,,,MWCNT,1.3562809044464448,,,0,0.6450037586911145,data set 2
HDPEtreated,,,MWCNT,20.393570503803407,,,0,238.29875310072518,data set 2
HDPEtreated,,,MWCNT,14.338236027582086,,,0,88.97582804460788,data set 2
HDPEtreated,,,MWCNT,0.9646658953410707,,,0,0.20673181272844984,data set 2
HDPEtreated,,,MWCNT,13.633642832708738,,,0,84.48338323348165,data set 2
HDPEtreated,,,MWCNT,12.176103414880336,,,0,80.54707859548606,data set 2
HDPEtreated,,,MWCNT,5.725914427410681,,,0,16.167076971030266,data set 2
HDPEtreated,,,MWCNT,12.200027591798793,,,0,77.94249674054026,data set 2
HDPEtreated,,,MWCNT,12.386478483344442,,,0,77.02329524418563,data set 2
HDPEtreated,,,MWCNT,9.366231912019927,,,0,48.16504016156601,data set 2
HDPEtreated,,,MWCNT,2.039001098588142,,,0,1.3377914321964444,data set 2
HDPEtreated,,,MWCNT,4.844190779689223,,,0,11.244831324000355,data set 2
HDPEtreated,,,MWCNT,22.029668359494956,,,0,254.02433765105408,data set 2
HDPEtreated,,,MWCNT,7.848011389153746,,,0,27.318097345564336,data set 2
HDPEtreated,,,MWCNT,8.342073603756928,,,0,31.946144124761247,data set 2
HDPEtreated,,,MWCNT,22.073545740044,,,0,240.25319422176588,data set 2
HDPEtreated,,,MWCNT,2.7089408809742626,,,0,2.547770033957947,data set 2
HDPEtreated,,,MWCNT,4.234961911569828,,,0,7.418470322546659,data set 2
HDPEtreated,,,MWCNT,4.434477144586076,,,0,9.7996575733049,data set 2
HDPEtreated,,,MWCNT,6.208504600089187,,,0,15.42164401114176,data set 2
HDPEtreated,,,MWCNT,17.602696978123102,,,0,159.98464548521784,data set 2
HDPEtreated,,,MWCNT,13.972460692454257,,,0,75.53062591362088,data set 2
HDPEtreated,,,MWCNT,5.572589264229193,,,0,14.685137508870044,data set 2
HDPEtreated,,,MWCNT,4.3987244873069855,,,0,8.51264532548191,data set 2
HDPEtreated,,,MWCNT,3.642154482241693,,,0,6.380501403830484,data set 2
HDPEtreated,,,MWCNT,4.9042556961489225,,,0,11.149029045384351,data set 2
HDPEtreated,,,MWCNT,13.529525454049216,,,0,90.37124477405277,data set 2
HDPEtreated,,,MWCNT,24.56260147734251,,,0,329.473506676024,data set 2
HDPEtreated,,,MWCNT,12.14852379279931,,,0,62.47745682157802,data set 2
HDPEtreated,,,MWCNT,14.177701626263076,,,0,84.95204474318722,data set 2
HDPEtreated,,,MWCNT,5.487225642178978,,,0,12.37861686374891,data set 2
HDPEtreated,,,MWCNT,1.6571650651739531,,,0,0.8980320895643876,data set 2
HDPEtreated,,,MWCNT,24.82112487301683,,,0,321.5049796127563,data set 2
HDPEtreated,,,MWCNT,10.8494146673162,,,0,51.966756819912426,data set 2
HDPEtreated,,,MWCNT,7.139644544473667,,,0,19.136652276721776,data set 2
HDPEtreated,,,MWCNT,20.871382621028506,,,0,192.29853549057717,data set 2
HDPEtreated,,,MWCNT,8.63845528583648,,,0,28.30528061955829,data set 2
HDPEtreated,,,MWCNT,2.6112335116239405,,,0,3.204111972158863,data set 2
HDPEtreated,,,MWCNT,3.686244091764542,,,0,6.634396115823048,data set 2
HDPEtreated,,,MWCNT,20.5489047293985,,,0,177.89303810804233,data set 2
HDPEtreated,,,MWCNT,5.384818264781707,,,0,12.40891734107353,data set 2
HDPEtreated,,,MWCNT,8.13524344938407,,,0,28.014219888348187,data set 2
HDPEtreated,,,MWCNT,20.348968254211343,,,0,235.7510638115984,data set 2
HDPEtreated,,,MWCNT,8.224537156709594,,,0,29.179572398900547,data set 2
HDPEtreated,,,MWCNT,10.452763112179529,,,0,50.681826879286426,data set 2
HDPEtreated,,,MWCNT,13.203760954689564,,,0,99.31716397936157,data set 2
HDPEtreated,,,MWCNT,17.94637959923337,,,0,141.22288956286593,data set 2
HDPEtreated,,,MWCNT,5.024374826543524,,,0,9.434716403311137,data set 2
HDPEtreated,,,MWCNT,0.8921306815931294,,,0,0.1895396117440076,data set 2
HDPEtreated,,,MWCNT,17.466811990772563,,,0,152.84226875138094,data set 2
HDPEtreated,,,MWCNT,4.257106704404469,,,0,8.634312564156431,data set 2
HDPEtreated,,,MWCNT,16.70104719538194,,,0,130.07197332181383,data set 2
HDPEtreated,,,MWCNT,22.151303544241813,,,0,234.3632389502435,data set 2
HDPEtreated,,,MWCNT,14.039441246012249,,,0,89.36223242065745,data set 2
HDPEtreated,,,MWCNT,16.995182791476566,,,0,119.71848386632368,data set 2
HDPEtreated,,,MWCNT,19.978754938121906,,,0,163.9667288555446,data set 2
HDPEtreated,,,MWCNT,1.132952517588899,,,0,0.29970625672941503,data set 2
HDPEtreated,,,MWCNT,7.493503161666724,,,0,24.797101130785048,data set 2
HDPEtreated,,,MWCNT,10.790544872709077,,,0,59.539442529490096,data set 2
HDPEtreated,,,MWCNT,0.4095779515792852,,,0,0.00530304936845794,data set 2
HDPEtreated,,,MWCNT,17.023093797271972,,,0,155.87302664177292,data set 2
HDPEtreated,,,MWCNT,20.86453531279146,,,0,187.56922006662742,data set 2
HDPEtreated,,,MWCNT,7.197363014649405,,,0,27.223728608392747,data set 2
HDPEtreated,,,MWCNT,15.12301448661401,,,0,109.62472934427056,data set 2
HDPEtreated,,,MWCNT,16.989872926933092,,,0,155.65117610932555,data set 2
HDPEtreated,,,MWCNT,9.801545014159853,,,0,52.00215472065426,data set 2
HDPEtreated,,,MWCNT,11.453665417864084,,,0,53.10178569022154,data set 2
HDPEtreated,,,MWCNT,9.180740225720044,,,0,39.90631789973996,data set 2
HDPEtreated,,,MWCNT,21.971032621012316,,,0,242.4433333062877,data set 2
HDPEtreated,,,MWCNT,21.61314936647078,,,0,216.02943025727433,data set 2
HDPEtreated,,,MWCNT,11.106180433399244,,,0,56.25187712939009,data set 2
HDPEtreated,,,MWCNT,0.6355976694662653,,,0,0.04706012664509041,data set 2
HDPEtreated,,,MWCNT,16.91923305022036,,,0,164.6652981192985,data set 2
HDPEtreated,,,MWCNT,13.084897068242194,,,0,87.4659588270998,data set 2
HDPEtreated,,,MWCNT,2.9906669314901175,,,0,3.4951447048057043,data set 2
HDPEtreated,,,MWCNT,6.0474763833926,,,0,13.680189225207197,data set 2
HDPEtreated,,,MWCNT,9.03204531790122,,,0,38.52292994737883,data set 2
HDPEtreated,,,MWCNT,1.7438204861786037,,,0,1.0302276206347796,data set 2
HDPEtreated,,,MWCNT,14.14033277346258,,,0,110.75698650095494,data set 2
HDPEtreated,,,MWCNT,24.589329069898017,,,0,336.5399601360625,data set 2
HDPEtreated,,,MWCNT,10.638136865919376,,,0,45.54557283641832,data set 2
HDPEtreated,,,MWCNT,19.44003133832071,,,0,158.62933391577803,data set 2
HDPEtreated,,,MWCNT,7.214143617691685,,,0,19.932114831539952,data set 2
HDPEtreated,,,MWCNT,14.834621780722534,,,0,90.50702472388473,data set 2
HDPEtreated,,,MWCNT,13.313048930567358,,,0,74.43513893992127,data set 2
HDPEtreated,,,MWCNT,24.014296841152376,,,0,292.9174339029544,data set 2
HDPEtreated,,,MWCNT,17.340786783134135,,,0,153.73838509464073,data set 2
HDPEtreated,,,MWCNT,21.956045182954075,,,0,277.3446359367949,data set 2
HDPEtreated,,,MWCNT,0.6037244631255827,,,0,0.037756786957539056,data set 2
HDPEtreated,,,MWCNT,23.06294726413682,,,0,208.15800940464152,data set 2
HDPEtreated,,,MWCNT,9.989534348591937,,,0,44.984390255236875,data set 2
HDPEtreated,,,MWCNT,24.63240223927799,,,0,247.19095421833444,data set 2
HDPEtreated,,,MWCNT,8.303014064678866,,,0,36.64536063281832,data set 2
HDPEtreated,,,MWCNT,9.480549011539896,,,0,39.224006440257725,data set 2
HDPEtreated,,,MWCNT,6.133878330227577,,,0,17.2027935694509,data set 2
HDPEtreated,,,MWCNT,1.904596321353839,,,0,1.0736667086770957,data set 2
HDPEtreated,,,MWCNT,16.85390987770269,,,0,120.45598850597948,data set 2
HDPEtreated,,,MWCNT,21.643004749979806,,,0,226.9198785430727,data set 2
HDPEtreated,,,MWCNT,14.986655616580643,,,0,101.32225018705984,data set 2
HDPEtreated,,,MWCNT,18.000517397035132,,,0,142.24248976624546,data set 2
HDPEtreated,,,MWCNT,1.1482006346247042,,,0,0.3325653404574937,data set 2
HDPEtreated,,,MWCNT,21.514866287524153,,,0,244.64172582111803,data set 2
HDPEtreated,,,MWCNT,1.7111953865221148,,,0,0.9388198420452905,data set 2
HDPEtreated,,,MWCNT,22.04356232237759,,,0,241.11504108552762,data set 2
HDPEtreated,,,MWCNT,7.907175803448243,,,0,26.684829961540572,data set 2
HDPEtreated,,,MWCNT,15.375546520075032,,,0,107.02114683888229,data set 2
HDPEtreated,,,MWCNT,18.648689370463718,,,0,151.06069271824174,data set 2
HDPEtreated,,,MWCNT,19.12140813411036,,,0,152.86502847555698,data set 2
HDPEtreated,,,MWCNT,7.5053737260570434,,,0,22.918485816723095,data set 2
HDPEtreated,,,MWCNT,19.475936659470307,,,0,185.90842097750823,data set 2
HDPEtreated,,,MWCNT,21.23759947739664,,,0,214.34261666185373,data set 2
HDPEtreated,,,MWCNT,9.141135086033007,,,0,37.894841450058955,data set 2
HDPEtreated,,,MWCNT,22.76097789167069,,,0,269.0675118486532,data set 2
HDPEtreated,,,MWCNT,20.74693379097666,,,0,240.72683486841615,data set 2
HDPEtreated,,,MWCNT,7.813400192127609,,,0,29.77118762296756,data set 2
HDPEtreated,,,MWCNT,1.1879706930068241,,,0,0.3880767375935261,data set 2
HDPEtreated,,,MWCNT,9.981721482181744,,,0,39.91389303529218,data set 2
HDPEtreated,,,MWCNT,6.200571851009992,,,0,14.114243438817383,data set 2
HDPEtreated,,,MWCNT,5.466559011184197,,,0,12.032777138815895,data set 2
HDPEtreated,,,MWCNT,21.132263467955063,,,0,241.7255347937875,data set 2
HDPEtreated,,,MWCNT,19.338403125921214,,,0,159.35556434227783,data set 2
HDPEtreated,,,MWCNT,10.595337174899097,,,0,51.825268048539456,data set 2
HDPEtreated,,,MWCNT,4.440412248559448,,,0,8.218628466557075,data set 2
HDPEtreated,,,MWCNT,7.350199909199316,,,0,26.841293772609443,data set 2
HDPEtreated,,,MWCNT,1.3555005302985605,,,0,0.5562411568338984,data set 2
HDPEtreated,,,MWCNT,1.9288157246507764,,,0,1.1210347632437463,data set 2
HDPEtreated,,,MWCNT,12.266763983833627,,,0,67.78667620194538,data set 2
HDPEtreated,,,MWCNT,21.986492659509764,,,0,272.83790520856473,data set 2
HDPEtreated,,,MWCNT,14.013578630457573,,,0,85.36671490663342,data set 2
HDPEtreated,,,MWCNT,15.616886697566843,,,0,118.9352163536439,data set 2
HDPEtreated,,,MWCNT,7.788297871449849,,,0,23.728534390191914,data set 2
HDPEtreated,,,MWCNT,19.631175340911316,,,0,179.7521016815072,data set 2
HDPEtreated,,,MWCNT,21.913684435477414,,,0,265.12388846812894,data set 2
HDPEtreated,,,MWCNT,20.11022072303168,,,0,180.72709460200963,data set 2
HDPEtreated,,,MWCNT,23.775472399556012,,,0,240.87796421338714,data set 2
HDPEtreated,,,MWCNT,23.99079364476702,,,0,309.0271698630217,data set 2
HDPEtreated,,,MWCNT,19.168410319583103,,,0,161.68259071821404,data set 2
HDPEtreated,,,MWCNT,2.349549942287131,,,0,2.375619584401357,data set 2
HDPEtreated,,,MWCNT,7.774418557454697,,,0,26.22513573491904,data set 2
HDPEtreated,,,MWCNT,14.991829908278955,,,0,112.08646902360016,data set 2
HDPEtreated,,,MWCNT,12.58087402872156,,,0,85.04202394412958,data set 2
HDPEtreated,,,MWCNT,1.0352975202246284,,,0,0.2770615705474423,data set 2
HDPEtreated,,,MWCNT,18.340751780761938,,,0,165.20569189560763,data set 2
HDPEtreated,,,MWCNT,4.2074681829368705,,,0,7.35325194996067,data set 2
HDPEtreated,,,MWCNT,11.93616706918291,,,0,59.768362705764076,data set 2
HDPEtreated,,,MWCNT,21.542226718702697,,,0,185.5596804821485,data set 2
HDPEtreated,,,MWCNT,21.110157056658593,,,0,189.3832519780488,data set 2
HDPEtreated,,,MWCNT,10.55224093977363,,,0,59.670489568416954,data set 2
HDPEtreated,,,MWCNT,3.0140345136996243,,,0,4.082136243041515,data set 2
HDPEtreated,,,MWCNT,19.833592651971543,,,0,187.93658469712807,data set 2
HDPEtreated,,,MWCNT,20.026256806489606,,,0,187.2111605269013,data set 2
HDPEtreated,,,MWCNT,18.946243311175714,,,0,187.07324332298717,data set 2
HDPEtreated,,,MWCNT,20.15136233631428,,,0,169.71515219177252,data set 2
HDPEtreated,,,MWCNT,21.790057918093737,,,0,210.75849353953356,data set 2
HDPEtreated,,,MWCNT,17.93802213623363,,,0,137.95928019626953,data set 2
HDPEtreated,,,MWCNT,1.7266807038642336,,,0,0.8789653446157065,data set 2
HDPEtreated,,,MWCNT,3.897608872336912,,,0,7.714235858214706,data set 2
HDPEtreated,,,MWCNT,7.887336491183037,,,0,29.692672202100084,data set 2
HDPEtreated,,,MWCNT,0.5634511165103874,,,0,0.03803161459498816,data set 2
HDPEtreated,,,MWCNT,2.616443312691616,,,0,2.4399952643653022,data set 2
HDPEtreated,,,MWCNT,11.169860339497646,,,0,64.04292392973561,data set 2
HDPEtreated,,,MWCNT,7.627571255236776,,,0,23.249886096036832,data set 2
HDPEtreated,,,MWCNT,6.594908366434066,,,0,21.051337605592135,data set 2
HDPEtreated,,,MWCNT,0.592096307332233,,,0,0.04525712109150269,data set 2
HDPEtreated,,,MWCNT,13.15205397548645,,,0,87.06371417223592,data set 2
HDPEtreated,,,MWCNT,10.936847159884149,,,0,45.88228605993581,data set 2
HDPEtreated,,,MWCNT,10.680758878651401,,,0,51.906580561379585,data set 2
HDPEtreated,,,MWCNT,1.3635654359684741,,,0,0.5935715606851172,data set 2
HDPEtreated,,,MWCNT,16.7672895147472,,,0,120.38323109482228,data set 2
HDPEtreated,,,MWCNT,8.89055643353696,,,0,36.66757137689723,data set 2
HDPEtreated,,,MWCNT,23.775344563706696,,,0,253.8145416255077,data set 2
HDPEtreated,,,MWCNT,12.952891759377605,,,0,82.65480275843741,data set 2
HDPEtreated,,,MWCNT,5.785633494878909,,,0,15.481166927590152,data set 2
HDPEtreated,,,MWCNT,14.497900753019149,,,0,119.8241143529279,data set 2
HDPEtreated,,,MWCNT,8.0542538069561,,,0,28.904325382083833,data set 2
HDPEtreated,,,MWCNT,17.91824325906982,,,0,143.19058448803847,data set 2
HDPEtreated,,,MWCNT,1.80788662482058,,,0,1.3048912266505133,data set 2
HDPEtreated,,,MWCNT,9.192607388403449,,,0,33.94615440207282,data set 2
HDPEtreated,,,MWCNT,14.031742013171753,,,0,89.57085334891559,data set 2
HDPEtreated,,,MWCNT,8.406646828641975,,,0,36.62176995814532,data set 2
HDPEtreated,,,MWCNT,3.9673336892288695,,,0,6.198052326264481,data set 2
HDPEtreated,,,MWCNT,19.467669971476777,,,0,168.7494945215271,data set 2
HDPEtreated,,,MWCNT,1.194834793262313,,,0,0.4510760511245546,data set 2
HDPEtreated,,,MWCNT,6.16421396782463,,,0,19.55001051311344,data set 2
HDPEtreated,,,MWCNT,13.975961203940013,,,0,87.44195597896348,data set 2
HDPEtreated,,,MWCNT,24.223412133266073,,,0,256.8384995643131,data set 2
HDPEtreated,,,MWCNT,5.183649041413822,,,0,13.02215354305616,data set 2
HDPEtreated,,,MWCNT,4.919024085471462,,,0,9.805805627075319,data set 2
HDPEtreated,,,MWCNT,13.785855471780728,,,0,96.15121891942476,data set 2
HDPEtreated,,,MWCNT,23.239899751836568,,,0,254.0722593652878,data set 2
HDPEtreated,,,MWCNT,4.0798983782125156,,,0,6.634336065019603,data set 2
HDPEtreated,,,MWCNT,20.62595073032303,,,0,205.66729586291345,data set 2
HDPEtreated,,,MWCNT,1.2965941184768575,,,0,0.49901446299121055,data set 2
HDPEtreated,,,MWCNT,13.483240777844896,,,0,78.52949281322162,data set 2
HDPEtreated,,,MWCNT,13.856566052828162,,,0,78.72808419479644,data set 2
HDPEtreated,,,MWCNT,4.0022115857190395,,,0,7.175553136088309,data set 2
HDPEtreated,,,MWCNT,23.08892012477947,,,0,274.15164530483764,data set 2
HDPEtreated,,,MWCNT,1.2617351712875273,,,0,0.4375390006566552,data set 2
HDPEtreated,,,MWCNT,16.621830673682144,,,0,128.51422854001305,data set 2
HDPEtreated,,,MWCNT,16.735788578627947,,,0,160.03752480907974,data set 2
HDPEtreated,,,MWCNT,0.6972985617551812,,,0,0.08569149942108627,data set 2
HDPEtreated,,,MWCNT,12.185386787847499,,,0,68.98865247351773,data set 2
HDPEtreated,,,MWCNT,18.179814540353792,,,0,172.29196670980613,data set 2
HDPEtreated,,,MWCNT,3.194654151228922,,,0,4.3186673032329175,data set 2
HDPEtreated,,,MWCNT,15.73526447713495,,,0,132.43498127245962,data set 2
HDPEtreated,,,MWCNT,17.885084492995514,,,0,148.71393005258466,data set 2
HDPEtreated,,,MWCNT,8.34680113424752,,,0,32.47526263393828,data set 2
HDPEtreated,,,MWCNT,13.206899367478842,,,0,79.70450371757201,data set 2
HDPEtreated,,,MWCNT,23.757017584173948,,,0,307.9709263631941,data set 2
HDPEtreated,,,MWCNT,1.9700752277230722,,,0,1.671241232130323,data set 2
HDPEtreated,,,MWCNT,8.000589832044568,,,0,27.95910800306113,data set 2
HDPEtreated,,,MWCNT,4.424488245717207,,,0,9.478267895551118,data set 2
HDPEtreated,,,MWCNT,16.62774099046154,,,0,111.8998064010677,data set 2
HDPEtreated,,,MWCNT,5.870785314646229,,,0,15.275224730279147,data set 2
HDPEtreated,,,MWCNT,17.3176977332577,,,0,127.8973954631393,data set 2
HDPEtreated,,,MWCNT,19.740469706743124,,,0,224.0350173101259,data set 2
HDPEtreated,,,MWCNT,12.683315931263632,,,0,74.88405275051481,data set 2
HDPEtreated,,,MWCNT,4.655575561164021,,,0,10.88161658090726,data set 2
HDPEtreated,,,MWCNT,19.60373941273515,,,0,204.26159588727768,data set 2
HDPEtreated,,,MWCNT,3.0083046457038614,,,0,3.3974786423562597,data set 2
HDPEtreated,,,MWCNT,0.3075684379888521,,,0,3.223541236169343e-05,data set 2
HDPEtreated,,,MWCNT,3.848089565599469,,,0,7.010946342604174,data set 2
HDPEtreated,,,MWCNT,21.39767223360195,,,0,230.27766773632396,data set 2
HDPEtreated,,,MWCNT,14.694069791591104,,,0,114.79578552842375,data set 2
HDPEtreated,,,MWCNT,22.31988739204707,,,0,233.4982816698727,data set 2
HDPEtreated,,,MWCNT,21.034830400828827,,,0,232.6669438489984,data set 2
HDPEtreated,,,MWCNT,6.437580999620586,,,0,18.131745693196734,data set 2
HDPEtreated,,,MWCNT,5.1443747457397055,,,0,12.084032116009439,data set 2
HDPEtreated,,,MWCNT,20.011131061952064,,,0,157.20868060679243,data set 2
HDPEtreated,,,MWCNT,22.351632044541432,,,0,250.27012427934122,data set 2
HDPEtreated,,,MWCNT,23.159043645218187,,,0,221.65065085388932,data set 2
HDPEtreated,,,MWCNT,20.244533656226338,,,0,183.91548672780644,data set 2
HDPEtreated,,,MWCNT,7.9686706451613505,,,0,26.671422483006555,data set 2
HDPEtreated,,,MWCNT,20.213876484889745,,,0,193.71241311899212,data set 2
HDPEtreated,,,MWCNT,8.439914264126877,,,0,38.62370273116348,data set 2
HDPEtreated,,,MWCNT,11.114877492264847,,,0,69.32968259913035,data set 2
HDPEtreated,,,MWCNT,1.3461933978198806,,,0,0.6121388548973024,data set 2
HDPEtreated,,,MWCNT,4.593859929448087,,,0,10.406926731704703,data set 2
HDPEtreated,,,MWCNT,16.03239182459004,,,0,120.89053286411567,data set 2
HDPEtreated,,,MWCNT,22.71462358469378,,,0,295.71007752518517,data set 2
HDPEtreated,,,MWCNT,1.5838307567042755,,,0,0.7628476266453817,data set 2
HDPEtreated,,,MWCNT,14.231634784919681,,,0,78.36789775417483,data set 2
HDPEtreated,,,MWCNT,9.461140809911019,,,0,43.280543999037974,data set 2
HDPEtreated,,,MWCNT,18.336648608435144,,,0,183.42762117090726,data set 2
HDPEtreated,,,MWCNT,23.123117816997517,,,0,253.48811924860684,data set 2
HDPEtreated,,,MWCNT,22.93876035117515,,,0,279.8970105759062,data set 2
HDPEtreated,,,MWCNT,11.285568623097406,,,0,70.40093481131734,data set 2
HDPEtreated,,,MWCNT,19.12337239779751,,,0,185.43255042273455,data set 2
HDPEtreated,,,MWCNT,22.70651977297744,,,0,243.43988477379887,data set 2
HDPEtreated,,,MWCNT,13.076341020814557,,,0,68.06776415833835,data set 2
HDPEtreated,,,MWCNT,5.759460752621767,,,0,13.577670797024478,data set 2
HDPEtreated,,,MWCNT,23.00597535015672,,,0,211.41275655901453,data set 2
HDPEtreated,,,MWCNT,11.01233650545034,,,0,56.219501265135165,data set 2
HDPEtreated,,,MWCNT,24.73818472679067,,,0,307.80233236682506,data set 2
HDPEtreated,,,MWCNT,2.965072969389803,,,0,3.6001549085455955,data set 2
HDPEtreated,,,MWCNT,16.49953621915601,,,0,154.83056638370687,data set 2
HDPEtreated,,,MWCNT,24.482311007250125,,,0,272.58512628302555,data set 2
HDPEtreated,,,MWCNT,19.362536174049808,,,0,212.73694479195203,data set 2
HDPEtreated,,,MWCNT,1.8683964721119475,,,0,1.2101969931851564,data set 2
HDPEtreated,,,MWCNT,21.15824595863912,,,0,245.1277648453813,data set 2
HDPEtreated,,,MWCNT,6.1126376310743336,,,0,17.077920884470036,data set 2
HDPEtreated,,,MWCNT,0.3951652695328228,,,0,0.00381356114922142,data set 2
HDPEtreated,,,MWCNT,21.870193698679223,,,0,207.39724996567216,data set 2
HDPEtreated,,,MWCNT,1.729339272295614,,,0,1.0541689543089177,data set 2
HDPEtreated,,,MWCNT,0.5930064719478952,,,0,0.0447740836783117,data set 2
HDPEtreated,,,MWCNT,9.375795927093717,,,0,40.893169286583834,data set 2
HDPEtreated,,,MWCNT,2.5368876414016235,,,0,2.7127441140831774,data set 2
HDPEtreated,,,MWCNT,7.6777541107133915,,,0,26.771453762266155,data set 2
HDPEtreated,,,MWCNT,19.041486755165074,,,0,142.9364888429013,data set 2
HDPEtreated,,,MWCNT,2.8731956366668454,,,0,2.794825797010581,data set 2
HDPEtreated,,,MWCNT,4.261304677573684,,,0,7.759659526382113,data set 2
HDPEtreated,,,MWCNT,0.7348503446014854,,,0,0.1006139734980238,data set 2
HDPEtreated,,,MWCNT,23.468355668710746,,,0,292.5730677016119,data set 2
HDPEtreated,,,MWCNT,7.931307773810345,,,0,31.624931020600958,data set 2
HDPEtreated,,,MWCNT,14.157790135868769,,,0,114.83834370021334,data set 2
HDPEtreated,,,MWCNT,8.873917757197505,,,0,32.88380577824351,data set 2
HDPEtreated,,,MWCNT,14.284337125349206,,,0,84.75184457767844,data set 2
HDPEtreated,,,MWCNT,18.372514237977835,,,0,169.7226380070097,data set 2
HDPEtreated,,,MWCNT,10.78713842255948,,,0,53.18360257819083,data set 2
HDPEtreated,,,MWCNT,8.79514771989193,,,0,29.997216095207843,data set 2
HDPEtreated,,,MWCNT,8.904843578157722,,,0,42.761289004681174,data set 2
HDPEtreated,,,MWCNT,21.806877688528022,,,0,253.19359907137746,data set 2
HDPEtreated,,,MWCNT,4.2476656685743,,,0,8.040233982325617,data set 2
HDPEtreated,,,MWCNT,15.401806888727704,,,0,100.3379872813749,data set 2
HDPEtreated,,,MWCNT,10.859777198151823,,,0,63.76489232893085,data set 2
HDPEtreated,,,MWCNT,5.541332770143987,,,0,15.593910714355333,data set 2
HDPEtreated,,,MWCNT,18.189636969824114,,,0,165.62411135969472,data set 2
HDPEtreated,,,MWCNT,21.14533766098727,,,0,190.42985627985857,data set 2
HDPEtreated,,,MWCNT,20.847196287892515,,,0,220.54997059607504,data set 2
HDPEtreated,,,MWCNT,14.53025125836105,,,0,108.87529493079953,data set 2
HDPEtreated,,,MWCNT,5.242408426730004,,,0,11.033453094830982,data set 2
HDPEtreated,,,MWCNT,9.194061039043719,,,0,34.246733745726445,data set 2
HDPEtreated,,,MWCNT,9.44339163611953,,,0,41.48971842980928,data set 2
HDPEtreated,,,MWCNT,18.513294527393615,,,0,164.885193889136,data set 2
HDPEtreated,,,MWCNT,22.483139579503344,,,0,219.99686660093113,data set 2
HDPEtreated,,,MWCNT,13.419750721931123,,,0,98.4874894251331,data set 2
HDPEtreated,,,MWCNT,24.442482172649903,,,0,324.9942171647019,data set 2
HDPEtreated,,,MWCNT,17.224398169271343,,,0,139.91164520841403,data set 2
HDPEtreated,,,MWCNT,9.275534494016409,,,0,44.96207410948803,data set 2
HDPEtreated,,,MWCNT,18.8174835111772,,,0,203.31143695790306,data set 2
HDPEtreated,,,MWCNT,18.579502486352247,,,0,173.06374909892557,data set 2
HDPEtreated,,,MWCNT,8.456758913101798,,,0,34.69014254577515,data set 2
HDPEtreated,,,MWCNT,20.298080869702623,,,0,197.96745666627436,data set 2
HDPEtreated,,,MWCNT,11.748472152940582,,,0,67.96567266800359,data set 2
HDPEtreated,,,MWCNT,5.147813988615588,,,0,12.831579858011853,data set 2
HDPEtreated,,,MWCNT,6.178892735712869,,,0,14.033444621391533,data set 2
HDPEtreated,,,MWCNT,17.165590774430495,,,0,122.1827324619819,data set 2
HDPEtreated,,,MWCNT,13.132418626975983,,,0,95.36726155667866,data set 2
HDPEtreated,,,MWCNT,3.3159391958446975,,,0,4.6946987800058135,data set 2
HDPEtreated,,,MWCNT,2.213114832081477,,,0,1.6383257524762656,data set 2
HDPEtreated,,,MWCNT,9.907854425637893,,,0,51.15449654227269,data set 2
HDPEtreated,,,MWCNT,22.655678222782605,,,0,231.3334957826897,data set 2
HDPEtreated,,,MWCNT,10.375257271540384,,,0,60.16282299132391,data set 2
HDPEtreated,,,MWCNT,12.295545480923812,,,0,63.74966719315053,data set 2
HDPEtreated,,,MWCNT,10.051780366455537,,,0,40.27259833962877,data set 2
HDPEtreated,,,MWCNT,9.7093553393808,,,0,40.91660544148279,data set 2
HDPEtreated,,,MWCNT,14.519706509751911,,,0,81.79134765100076,data set 2
HDPEtreated,,,MWCNT,0.754950332037575,,,0,0.08433851275412346,data set 2
HDPEtreated,,,MWCNT,6.656428571782549,,,0,18.985310514725306,data set 2
HDPEtreated,,,MWCNT,5.57296947171095,,,0,13.019473187282857,data set 2
HDPEtreated,,,MWCNT,0.6791528395128892,,,0,0.07542170583961746,data set 2
HDPEtreated,,,MWCNT,24.59972327948466,,,0,282.79481180162793,data set 2
HDPEtreated,,,MWCNT,23.0386357555553,,,0,261.38045424857614,data set 2
HDPEtreated,,,MWCNT,23.85089690814488,,,0,282.7237937460423,data set 2
HDPEtreated,,,MWCNT,22.91383537334329,,,0,246.28524631348273,data set 2
HDPEtreated,,,MWCNT,9.948218393700348,,,0,41.277893852144366,data set 2
HDPEtreated,,,MWCNT,6.1458531829319,,,0,14.248182226383545,data set 2
HDPEtreated,,,MWCNT,8.110034272664242,,,0,28.89947526186166,data set 2
HDPEtreated,,,MWCNT,6.4525465397421895,,,0,18.004493924781958,data set 2
HDPEtreated,,,MWCNT,22.536727559554407,,,0,209.35892002905737,data set 2
HDPEtreated,,,MWCNT,19.370499132145387,,,0,155.084550119562,data set 2
HDPEtreated,,,MWCNT,19.369297303010182,,,0,175.124702066923,data set 2
HDPEtreated,,,MWCNT,4.81782151219287,,,0,9.677793923111972,data set 2
HDPEtreated,,,MWCNT,20.840532495209846,,,0,238.55620455367148,data set 2
HDPEtreated,,,MWCNT,3.236581907558459,,,0,4.181630246296805,data set 2
HDPEtreated,,,MWCNT,12.060922959948105,,,0,60.76449710108432,data set 2
HDPEtreated,,,MWCNT,12.543132108120231,,,0,67.4659506534095,data set 2
HDPEtreated,,,MWCNT,11.369800235520172,,,0,68.39835524417754,data set 2
HDPEtreated,,,MWCNT,6.547486077353654,,,0,18.661854761654272,data set 2
HDPEtreated,,,MWCNT,4.769454563500434,,,0,10.441872221542148,data set 2
HDPEtreated,,,MWCNT,17.31040965186791,,,0,133.6184371145079,data set 2
HDPEtreated,,,MWCNT,3.4964197329384294,,,0,5.922684526549071,data set 2
HDPEtreated,,,MWCNT,7.996893702933912,,,0,32.946192431300844,data set 2
HDPEtreated,,,MWCNT,24.98553619722461,,,0,359.506922037746,data set 2
HDPEtreated,,,MWCNT,19.669652913304514,,,0,193.09003670209748,data set 2
HDPEtreated,,,MWCNT,17.213375432185217,,,0,133.5439862701335,data set 2
HDPEtreated,,,MWCNT,4.047806844413351,,,0,8.360072592960348,data set 2
HDPEtreated,,,MWCNT,22.965018138722428,,,0,267.22885917174926,data set 2
HDPEtreated,,,MWCNT,17.971180205506187,,,0,143.9147879003065,data set 2
HDPEtreated,,,MWCNT,24.49207747068678,,,0,253.19026853268423,data set 2
HDPEtreated,,,MWCNT,12.202849544622309,,,0,76.9795500899739,data set 2
HDPEtreated,,,MWCNT,12.793587956148398,,,0,65.16050497721353,data set 2
HDPEtreated,,,MWCNT,4.549078233015195,,,0,7.280389897367335,data set 2
HDPEtreated,,,MWCNT,12.702775127560354,,,0,90.92531268751303,data set 2
HDPEtreated,,,MWCNT,7.353858792139155,,,0,28.225427307810662,data set 2
HDPEtreated,,,MWCNT,14.083914774024201,,,0,95.37189535198667,data set 2
HDPEtreated,,,MWCNT,12.867428138846522,,,0,83.03034285797699,data set 2
HDPEtreated,,,MWCNT,6.608598534289064,,,0,20.843994832983967,data set 2
HDPEtreated,,,MWCNT,17.337018739602236,,,0,123.10490342315434,data set 2
HDPEtreated,,,MWCNT,8.753607927459784,,,0,36.80025660800374,data set 2
HDPEtreated,,,MWCNT,3.2701013355437527,,,0,5.098302818960608,data set 2
HDPEtreated,,,MWCNT,20.398883150737017,,,0,210.49698081746445,data set 2
HDPEtreated,,,MWCNT,22.355940425227317,,,0,220.2247888251922,data set 2
HDPEtreated,,,MWCNT,6.843413785916669,,,0,23.961781546529544,data set 2
HDPEtreated,,,MWCNT,14.804579299087461,,,0,110.97121603270364,data set 2
HDPEtreated,,,MWCNT,11.883799176392479,,,0,57.01980447498884,data set 2
HDPEtreated,,,MWCNT,17.73892005210264,,,0,179.96095469935688,data set 2
HDPEtreated,,,MWCNT,3.132141747174115,,,0,3.370263855762049,data set 2
HDPEtreated,,,MWCNT,14.705990551949727,,,0,108.76202529965062,data set 2
HDPEtreated,,,MWCNT,5.910643356816616,,,0,13.599293371672665,data set 2
HDPEtreated,,,MWCNT,7.598745441191918,,,0,23.086087205764073,data set 2
HDPEtreated,,,MWCNT,14.120651713974487,,,0,77.43357673909718,data set 2
HDPEtreated,,,MWCNT,14.84769585524048,,,0,113.04884151024874,data set 2
HDPEtreated,,,MWCNT,24.17575815245713,,,0,231.9921330415971,data set 2
HDPEtreated,,,MWCNT,2.6775974642673366,,,0,2.4741301168042127,data set 2
HDPEtreated,,,MWCNT,3.147960243035273,,,0,4.5564196423373255,data set 2
HDPEtreated,,,MWCNT,0.41063058012231,,,0,0.006949967159233539,data set 2
HDPEtreated,,,MWCNT,19.238890082166364,,,0,160.66988402316326,data set 2
HDPEtreated,,,MWCNT,1.5676109626908603,,,0,0.8089885562577318,data set 2
HDPEtreated,,,MWCNT,5.141803684872775,,,0,9.561339962397536,data set 2
HDPEtreated,,,MWCNT,23.512391607886155,,,0,242.21176991965135,data set 2
HDPEtreated,,,MWCNT,20.061902586864107,,,0,176.90578741835446,data set 2
HDPEtreated,,,MWCNT,24.978364115849544,,,0,326.79965058840827,data set 2
HDPEtreated,,,MWCNT,1.455247139215078,,,0,0.7887467436547189,data set 2
HDPEtreated,,,MWCNT,19.988431445025633,,,0,213.82117147421388,data set 2
HDPEtreated,,,MWCNT,13.922196138113563,,,0,77.16660095207659,data set 2
HDPEtreated,,,MWCNT,9.021884071123084,,,0,38.93377426524781,data set 2
HDPEtreated,,,MWCNT,0.7555824467945178,,,0,0.11216169065665683,data set 2
HDPEtreated,,,MWCNT,9.032678160079179,,,0,39.94975428745902,data set 2
HDPEtreated,,,MWCNT,14.098057824260138,,,0,110.90363729106677,data set 2
HDPEtreated,,,MWCNT,17.36032758379909,,,0,144.56960994783677,data set 2
HDPEtreated,,,MWCNT,17.00309806820465,,,0,150.68716528427063,data set 2
HDPEtreated,,,MWCNT,12.791341977438927,,,0,85.01495541282824,data set 2
HDPEtreated,,,MWCNT,5.891926216322726,,,0,16.36927854240159,data set 2
HDPEtreated,,,MWCNT,7.869508295503523,,,0,28.225110529505642,data set 2
HDPEtreated,,,MWCNT,24.8525278217307,,,0,353.4959827753251,data set 2
HDPEtreated,,,MWCNT,19.919945907146644,,,0,164.27958163257424,data set 2
HDPEtreated,,,MWCNT,19.8854948271756,,,0,218.64213106901283,data set 2
HDPEtreated,,,MWCNT,13.207383819292525,,,0,86.02564861978165,data set 2
HDPEtreated,,,MWCNT,7.926294216957969,,,0,30.219583799530337,data set 2
HDPEtreated,,,MWCNT,3.262167705646199,,,0,3.7987187723847757,data set 2
HDPEtreated,,,MWCNT,11.030465612028955,,,0,61.87374985667064,data set 2
HDPEtreated,,,MWCNT,14.771502970472447,,,0,116.64339679747071,data set 2
HDPEtreated,,,MWCNT,13.995965203863342,,,0,89.77087719851673,data set 2
HDPEtreated,,,MWCNT,24.548788989367058,,,0,289.2085186789204,data set 2
HDPEtreated,,,MWCNT,22.716874302984287,,,0,253.10151804222434,data set 2
HDPEtreated,,,MWCNT,23.65599527305156,,,0,287.3320215698468,data set 2
HDPEtreated,,,MWCNT,15.22461153854807,,,0,114.37533364703405,data set 2
HDPEtreated,,,MWCNT,19.842671597374718,,,0,161.79794646807946,data set 2
HDPEtreated,,,MWCNT,24.37818536728642,,,0,346.88890300514555,data set 2
HDPEtreated,,,MWCNT,19.314300138436096,,,0,215.32667145356652,data set 2
HDPEtreated,,,MWCNT,5.081533028183974,,,0,11.587951590502268,data set 2
HDPEtreated,,,MWCNT,13.91949348894218,,,0,93.67535937611692,data set 2
HDPEtreated,,,MWCNT,18.977309596196278,,,0,188.448914229006,data set 2
HDPEtreated,,,MWCNT,13.819159502554234,,,0,91.06246652123397,data set 2
HDPEtreated,,,MWCNT,11.676580918128208,,,0,71.32102096515283,data set 2
HDPEtreated,,,MWCNT,1.2996151753719982,,,0,0.43258391350586534,data set 2
HDPEtreated,,,MWCNT,14.056017201762167,,,0,78.26084779509112,data set 2
HDPEtreated,,,MWCNT,20.217673536055425,,,0,192.16471422502565,data set 2
HDPEtreated,,,MWCNT,2.4286962070657516,,,0,1.9545433134733587,data set 2
HDPEtreated,,,MWCNT,24.367380486990868,,,0,270.42192055313075,data set 2
HDPEtreated,,,MWCNT,6.816854555242649,,,0,19.951050331387737,data set 2
HDPEtreated,,,MWCNT,9.106446416954233,,,0,34.32061229660253,data set 2
HDPEtreated,,,MWCNT,13.280948957531653,,,0,84.94585327355632,data set 2
HDPEtreated,,,MWCNT,20.074820500383204,,,0,186.35696575335578,data set 2
HDPEtreated,,,MWCNT,13.647236186647934,,,0,77.97367161735241,data set 2
HDPEtreated,,,MWCNT,14.156751329827454,,,0,90.75260636619932,data set 2
HDPEtreated,,,MWCNT,15.129635868516043,,,0,118.42611213085938,data set 2
HDPEtreated,,,MWCNT,20.345692034076247,,,0,174.0894086924792,data set 2
HDPEtreated,,,MWCNT,2.8932500871055327,,,0,3.5299140433472087,data set 2
